Age,distance,education,environment,Sex,Jobsatisfaction,incomeGBP,no_comps,Salary_incr,totalwk,company_yrs
18,3,3,3,Male,3,710,1,13,0,0
18,10,3,4,Female,3,600,1,12,0,0
18,5,3,2,Male,2,939,1,14,0,0
18,5,2,2,Male,4,525.5,1,15,0,0
18,8,1,3,Male,3,952,1,12,0,0
18,1,3,4,Female,4,805.5,1,15,0,0
18,3,2,2,Female,4,784.5,1,12,0,0
18,14,3,2,Female,3,757,1,16,0,0
19,22,1,4,Male,3,837.5,1,19,0,0
19,3,1,2,Female,2,741.5,1,14,1,1
19,1,1,3,Female,1,1162.5,0,21,1,0
19,2,3,2,Male,4,551,1,22,1,1
19,2,2,1,Male,4,1282,1,12,1,1
19,21,3,4,Male,2,1060.5,1,13,1,1
19,9,2,3,Male,1,1276,1,25,1,1
19,10,3,1,Female,2,929.5,1,25,1,1
19,25,3,2,Female,4,1497,1,12,1,1
20,6,3,4,Female,4,1463,1,18,1,1
20,1,3,4,Female,2,1418,1,13,1,1
20,10,1,4,Male,3,504.5,1,11,1,1
20,2,3,3,Female,3,1022,1,13,2,2
20,4,3,1,Male,1,1486.5,1,19,1,1
20,11,3,4,Female,1,1300,1,15,1,1
20,9,3,4,Female,4,1161.5,1,14,2,2
20,3,3,1,Male,3,1516.5,1,12,2,2
20,21,3,3,Male,4,1339,1,17,2,2
20,2,3,3,Female,3,1391.5,1,19,2,2
20,9,1,4,Male,1,1364,1,11,2,2
21,15,2,3,Male,4,616,1,14,0,0
21,3,2,4,Male,3,1615,1,17,3,3
21,1,1,1,Female,2,1087,1,11,3,3
21,9,2,1,Male,4,1305,1,24,3,3
21,12,3,3,Female,2,1358,1,15,1,1
21,22,1,3,Male,3,1723.5,1,11,3,3
21,18,1,4,Female,4,1346.5,1,19,1,1
21,10,3,3,Female,1,708,1,13,1,1
21,1,1,4,Female,2,1035,1,11,2,2
21,10,2,1,Female,3,1312.5,1,20,2,2
21,5,1,3,Male,4,1558.5,1,18,3,2
21,7,1,2,Male,2,1339.5,1,13,1,1
21,5,1,3,Male,1,1190,1,11,2,2
22,16,2,4,Male,4,1467.5,1,13,1,1
22,15,3,2,Female,4,1435.5,1,15,1,0
22,2,1,3,Male,4,1261.5,0,14,3,2
22,19,1,3,Male,4,1161.5,1,24,2,2
22,5,3,4,Male,2,1164,1,16,4,4
22,11,3,1,Female,2,1122,1,13,2,2
22,4,1,3,Male,3,1947,5,16,4,2
22,6,1,1,Male,3,1386.5,0,20,3,2
22,1,2,4,Male,4,2387.5,6,22,4,2
22,3,1,2,Female,3,2085.5,0,19,4,3
22,8,1,2,Male,1,1225.5,1,15,4,4
22,3,4,3,Male,4,1426.5,0,11,1,0
22,26,2,2,Female,3,1407,1,14,4,4
22,8,1,3,Female,1,1199,1,17,1,1
22,7,1,4,Male,2,1236,1,23,1,1
22,1,2,4,Male,3,1687.5,0,12,4,3
23,2,1,3,Male,1,1161,3,13,3,0
23,26,1,3,Male,4,1452,1,12,4,4
23,4,3,1,Male,1,1409.5,2,16,5,3
23,9,1,2,Male,1,1250,1,14,5,4
23,10,1,1,Male,3,1752.5,1,18,2,2
23,6,3,3,Male,1,800.5,1,21,1,0
23,1,2,4,Male,3,611.5,1,22,1,1
23,20,1,1,Male,3,1136,0,14,5,4
23,10,3,4,Male,3,1036.5,2,16,4,2
23,8,1,4,Male,3,1994.5,1,11,5,5
23,7,3,3,Male,4,1137.5,1,21,3,3
23,4,1,3,Female,2,1647.5,1,13,3,3
23,12,2,4,Male,4,1323.5,1,13,5,5
23,9,3,4,Male,1,895,1,19,1,1
24,11,2,1,Female,3,2005.5,0,18,5,4
24,1,3,2,Male,4,1146.5,2,16,6,2
24,3,2,1,Female,3,2499.5,0,21,4,3
24,18,1,2,Male,3,1387,0,12,6,5
24,10,4,4,Female,3,2130,1,12,5,5
24,1,1,1,Female,2,1601,1,16,6,5
24,24,3,4,Male,4,1200,0,13,3,2
24,23,3,2,Male,4,1362.5,1,11,6,6
24,17,2,4,Male,2,1063.5,1,21,1,1
24,7,3,1,Female,3,1443,1,16,6,6
24,3,2,1,Female,3,2288.5,9,14,4,2
24,9,3,3,Male,2,1347,1,11,1,1
24,4,1,1,Male,4,1581,0,17,6,5
24,17,1,4,Female,3,2188.5,1,15,5,4
24,24,3,4,Male,2,1798.5,8,22,6,4
24,17,2,4,Female,2,1105,1,13,1,1
24,4,1,4,Female,3,2081,1,12,5,5
24,9,3,2,Male,1,1586,2,11,4,0
24,13,2,4,Female,2,1016.5,1,13,1,1
24,21,2,3,Male,1,1148,0,14,2,1
24,2,1,1,Female,4,1880,1,13,6,6
24,9,3,3,Male,3,2200.5,1,16,5,5
24,22,1,4,Male,3,777.5,1,11,1,1
24,29,1,2,Male,1,1953.5,1,13,6,6
24,10,3,1,Male,4,1072.5,0,14,3,2
24,1,2,2,Male,3,2308.5,1,12,4,4
25,5,3,3,Male,3,2872,1,11,6,6
25,7,1,4,Male,4,1444.5,1,11,2,2
25,28,3,1,Male,3,4319.5,2,18,6,2
25,1,3,1,Female,3,2449,0,12,5,4
25,5,2,2,Male,1,2000,1,12,6,6
25,4,2,2,Female,4,2243.5,1,11,5,5
25,3,3,1,Male,1,2015.5,5,13,6,2
25,13,1,2,Male,3,1048,1,11,7,7
25,8,3,4,Male,2,2425.5,0,22,4,3
25,26,1,3,Female,4,3090,1,23,6,6
25,2,1,1,Male,1,1712,7,13,6,4
25,3,1,3,Male,1,2097,1,18,5,5
25,4,1,3,Male,1,2128,1,12,5,5
25,19,2,3,Male,2,1206.5,1,18,1,1
25,4,1,4,Male,4,1845.5,1,15,7,7
25,10,4,3,Male,4,2475,0,14,5,4
25,24,1,3,Male,4,559,1,14,1,1
25,1,3,4,Female,2,1048,1,18,2,2
25,19,1,4,Male,4,1834.5,3,11,7,3
25,18,1,1,Male,3,3116,2,11,6,3
25,1,3,1,Male,4,1614.5,4,11,7,3
25,9,2,1,Male,1,2200,3,12,6,3
25,2,1,4,Male,3,2603,1,17,7,7
25,2,3,3,Female,2,1093.5,4,14,6,2
25,2,1,4,Male,3,1988.5,6,19,7,2
25,8,2,1,Female,3,2453.5,0,22,6,5
26,25,3,1,Male,3,1146.5,1,12,1,1
26,23,3,3,Female,4,2078.5,7,19,5,2
26,6,3,3,Female,2,1184,1,19,5,5
26,25,1,3,Female,3,1471,1,23,8,8
26,1,3,3,Female,2,3198.5,1,20,6,6
26,11,2,1,Male,1,2370.5,1,13,5,5
26,16,4,1,Male,2,1186.5,2,13,5,3
26,4,4,4,Male,4,2914,1,12,8,8
26,1,3,3,Male,3,2648,1,17,8,8
26,3,1,3,Male,1,1551,0,22,7,6
26,23,3,1,Female,4,1443,1,22,3,3
26,17,4,2,Female,3,1370.5,0,11,8,7
26,29,2,1,Male,3,2153,5,12,8,0
26,24,3,3,Male,4,1170,1,18,1,1
26,28,2,1,Male,2,3136,1,20,6,5
26,6,3,3,Female,4,1329.5,1,13,3,3
26,1,2,1,Female,4,2182,3,14,5,2
26,8,3,4,Male,1,2663,6,17,6,4
26,5,2,3,Female,3,1183,1,14,8,8
26,1,3,3,Male,1,2147,1,12,7,7
26,2,2,4,Male,4,2736,1,12,8,8
26,29,2,2,Male,1,2484.5,8,18,7,2
26,2,3,1,Male,1,1021,6,14,6,3
26,1,1,1,Female,3,1003.5,1,13,5,5
26,1,2,1,Male,1,1977.5,1,16,6,5
26,21,3,1,Male,3,1188.5,1,20,1,1
26,3,4,1,Male,4,2210,1,22,8,8
26,4,2,3,Male,4,1437.5,1,20,8,8
26,2,1,1,Male,4,1952,0,12,5,4
26,7,3,3,Male,1,1789,0,12,8,7
26,3,3,1,Female,4,1030.5,1,21,1,1
26,7,3,4,Male,4,1285,1,20,7,7
26,17,4,4,Male,3,1152.5,1,15,3,3
26,20,2,4,Female,2,1074,0,11,6,5
26,10,3,3,Male,4,2342,1,13,5,5
26,1,2,2,Female,3,1466.5,1,13,1,1
26,6,3,3,Male,4,1272,0,18,8,7
26,1,3,3,Male,1,1433.5,0,13,8,7
26,5,3,4,Female,3,1483,0,18,5,4
27,2,1,1,Male,2,1734,9,12,6,2
27,2,4,4,Female,1,1170.5,1,13,1,1
27,8,3,4,Male,3,4363,1,15,9,9
27,9,3,4,Male,2,1012,6,18,6,2
27,3,3,3,Male,3,1283,1,15,1,1
27,17,3,3,Male,2,1529,0,16,6,5
27,9,3,4,Female,2,1139.5,1,16,7,7
27,1,1,3,Male,1,2149,5,19,6,2
27,20,3,4,Female,3,4990.5,1,14,7,7
27,5,3,3,Female,2,1239,1,12,4,4
27,2,3,4,Male,3,2239,1,11,5,5
27,1,1,3,Male,2,3174.5,0,13,6,5
27,8,4,2,Female,2,3107,1,18,8,8
27,1,2,4,Male,2,1908,1,11,5,5
27,6,4,1,Female,3,1093.5,0,12,6,5
27,2,1,3,Male,1,1520.5,0,11,5,4
27,3,4,1,Male,4,1022.5,0,13,5,4
27,3,1,4,Female,4,2323.5,1,20,6,6
27,1,2,3,Female,1,3706,1,11,9,9
27,10,2,4,Male,1,4396.5,1,21,9,9
27,7,3,4,Female,1,3405.5,8,19,9,7
27,8,1,3,Male,4,2171,0,19,5,4
27,5,1,3,Male,4,6404,1,16,9,9
27,3,3,4,Male,4,853,1,11,0,0
27,4,3,2,Female,3,1159,1,19,1,1
27,16,4,3,Female,2,1405.5,9,14,4,2
27,2,4,1,Female,4,2113.5,0,18,4,3
27,8,5,1,Male,3,2310.5,1,19,3,3
27,6,3,4,Male,3,1269.5,1,13,4,4
27,14,3,1,Male,1,1117.5,1,14,9,9
27,4,2,1,Male,3,1258.5,1,11,5,5
27,11,3,3,Female,4,1267,8,14,5,1
27,2,1,4,Male,4,2535.5,3,20,8,6
27,10,3,4,Female,4,2884.5,1,11,6,6
27,17,4,4,Female,3,1197,1,13,8,8
27,11,1,2,Male,1,1049.5,0,14,6,5
27,19,3,4,Male,1,2033,1,11,7,7
27,8,3,2,Female,3,1758.5,7,17,5,3
27,2,3,4,Male,4,1290,2,13,6,4
27,8,3,3,Female,4,1722.5,1,11,6,6
27,5,2,4,Female,4,1189.5,0,14,6,5
27,23,1,2,Female,3,1770,1,21,9,9
27,15,3,4,Female,1,2387,0,19,8,7
27,2,2,1,Female,3,3250,0,14,9,8
27,2,4,2,Male,2,1113,1,11,6,5
27,22,3,1,Female,2,1431.5,1,12,1,1
27,9,3,4,Male,4,2052.5,1,14,7,7
27,4,3,2,Male,2,3071,1,20,6,6
28,24,3,3,Male,3,1014,5,14,6,4
28,5,4,3,Male,3,1720.5,1,13,2,2
28,4,3,2,Male,3,2110.5,1,15,5,5
28,21,3,3,Male,4,1356.5,1,11,5,5
28,2,4,1,Male,3,1742.5,2,11,5,0
28,9,3,4,Male,4,1035,1,23,5,5
28,8,2,4,Female,4,1655,1,21,5,5
28,16,2,2,Male,1,2830.5,0,19,9,8
28,2,4,1,Male,4,1732,5,13,5,3
28,9,4,2,Male,4,2626.5,1,16,7,7
28,17,2,3,Male,1,2279,1,12,10,10
28,1,2,1,Female,2,1108,7,13,10,7
28,2,4,3,Male,3,2191,6,17,5,2
28,2,4,2,Female,2,2389.5,1,20,8,8
28,8,2,2,Male,4,2468,1,13,6,5
28,5,4,1,Male,4,2454,1,14,4,4
28,9,3,3,Female,3,1188.5,5,18,6,2
28,10,1,4,Male,2,526,1,22,1,1
28,24,2,2,Male,1,4361,1,12,10,10
28,10,3,3,Female,3,1830,3,13,10,8
28,15,2,1,Male,3,1103.5,1,16,4,4
28,1,3,1,Male,2,1298,1,15,1,1
28,3,3,4,Female,2,3827.5,0,17,10,9
28,2,1,1,Male,2,1600.5,0,17,6,5
28,6,3,3,Male,3,1351.5,1,14,3,3
28,12,1,3,Female,4,1257.5,1,11,1,1
28,19,4,4,Male,1,1598,1,12,6,6
28,1,4,4,Male,3,1077,0,11,5,4
28,2,3,4,Male,4,1933.5,1,12,2,2
28,1,3,4,Male,1,1040,2,11,5,3
28,1,3,3,Female,4,3337,0,11,10,9
28,26,3,3,Male,1,2362,1,11,5,5
28,5,3,4,Male,1,4231.5,0,18,6,5
28,1,3,1,Male,3,1454.5,3,15,5,3
28,2,2,3,Male,1,1280.5,7,11,8,0
28,1,3,1,Male,3,781.5,1,14,1,1
28,7,3,3,Male,1,2449,0,14,5,4
28,29,1,3,Male,2,3274.5,1,14,8,8
28,24,3,3,Male,2,1204,1,17,1,1
28,27,3,2,Female,1,2438.5,0,21,6,5
28,1,3,3,Male,4,1022,1,11,5,5
28,1,3,3,Female,1,1795.5,1,25,3,3
28,1,2,3,Male,4,1353,1,15,3,3
28,3,3,2,Female,2,1428,1,19,1,1
28,1,2,3,Male,4,3417,1,12,7,7
28,13,2,4,Female,3,4927,3,11,6,2
28,16,3,3,Male,3,1072,1,14,5,5
28,17,3,3,Male,4,1183.5,5,12,6,4
29,15,2,4,Female,3,2096.5,0,12,10,9
29,21,4,2,Female,1,4990,1,11,10,10
29,2,3,3,Male,2,1351.5,0,23,6,5
29,1,1,4,Male,3,2159.5,1,13,10,10
29,27,3,2,Female,4,3819.5,1,22,10,10
29,1,3,3,Male,3,1029,0,14,7,6
29,1,1,2,Female,4,3959,1,14,11,11
29,18,1,3,Male,4,1194.5,1,13,4,4
29,15,3,3,Male,4,1170,1,19,6,6
29,20,2,4,Male,4,3465.5,2,14,10,3
29,2,3,1,Male,2,3322,2,19,10,0
29,2,2,2,Male,4,2277,1,18,10,10
29,8,4,2,Male,1,1059.5,1,11,7,7
29,9,5,2,Male,4,1991.5,0,17,4,3
29,10,1,4,Female,2,4134,1,14,7,7
29,2,3,4,Male,3,2324.5,1,14,4,4
29,23,3,4,Male,4,1100.5,9,16,6,3
29,3,4,2,Male,3,5967.5,1,18,10,10
29,25,5,3,Female,2,1273,5,16,6,2
29,19,3,4,Male,4,2131,4,12,8,3
29,3,2,2,Female,3,2780.5,1,14,6,6
29,1,4,2,Male,4,1360,1,18,10,10
29,10,3,3,Male,3,1321,1,11,1,1
29,10,3,4,Male,2,1148.5,1,14,2,2
29,27,3,2,Female,3,2167.5,4,12,11,8
29,1,2,2,Female,1,1159.5,1,11,1,1
29,23,2,3,Male,3,1350,1,24,10,10
29,1,3,2,Female,3,1400,6,19,5,3
29,7,1,1,Female,4,1266,6,14,8,4
29,20,3,3,Female,4,1078.5,1,15,3,3
29,10,3,4,Female,1,1202,6,20,3,0
29,28,4,3,Female,4,1257,4,22,11,7
29,10,3,4,Female,2,1645.5,0,14,8,7
29,8,1,2,Male,4,2528,1,15,10,10
29,23,1,4,Female,1,3668,1,13,11,11
29,6,1,2,Female,4,1565.5,1,13,10,10
29,15,1,2,Female,4,1084,0,18,6,5
29,1,3,1,Female,4,1880,1,15,3,3
29,7,3,3,Male,4,3311.5,1,11,6,6
29,1,3,4,Female,4,8062,3,14,9,7
29,7,3,2,Female,3,1669.5,3,13,10,7
29,17,3,2,Male,1,3994,1,13,10,10
29,14,1,3,Female,4,3776.5,0,12,9,8
29,13,3,1,Female,2,2882.5,5,11,7,5
29,19,3,3,Male,3,4310,1,14,10,10
29,2,1,4,Female,2,1590,0,13,4,3
29,1,4,1,Male,1,1181,6,13,11,9
29,8,1,3,Female,1,4857.5,3,13,9,7
29,9,3,3,Male,3,1225.5,6,18,5,1
29,3,1,2,Male,1,2361.5,1,18,10,10
29,2,1,1,Male,4,4426.5,1,19,6,6
29,10,3,3,Male,3,2934.5,9,11,8,5
29,5,3,1,Male,2,2093.5,1,13,10,10
29,9,4,4,Female,3,1487,9,17,9,5
29,9,3,2,Female,2,1380,1,13,2,2
29,1,3,4,Male,3,3147,8,12,10,3
29,4,3,4,Female,1,1054.5,1,13,1,1
29,13,3,1,Male,1,1167.5,4,15,4,2
29,20,1,4,Male,4,1906,1,13,11,11
29,29,1,4,Male,3,3192,8,17,11,7
29,6,1,4,Male,2,1402,1,11,1,1
29,24,2,4,Male,4,1219.5,1,24,1,1
29,7,3,4,Male,1,1031,3,14,11,3
29,24,3,3,Male,1,545.5,1,17,1,1
29,1,3,1,Male,1,2686.5,0,12,6,5
29,1,4,1,Male,4,2393.5,9,14,4,2
29,13,2,4,Male,2,2012.5,4,13,10,4
29,28,4,4,Female,1,1892.5,1,14,5,5
30,24,1,4,Male,3,1346.5,1,22,1,1
30,9,2,4,Male,3,1103,1,13,10,10
30,1,2,3,Female,4,2005.5,1,23,12,12
30,1,1,4,Male,4,2563,1,12,10,10
30,2,3,3,Male,4,2076,1,19,11,11
30,4,2,3,Female,2,2604.5,1,12,11,11
30,23,3,1,Male,3,1306.5,1,25,10,10
30,9,3,3,Male,4,3173.5,0,19,12,11
30,18,3,1,Female,3,1316,1,14,5,5
30,5,3,4,Female,1,1602,5,14,8,3
30,2,1,2,Male,4,1360,0,13,6,5
30,5,3,2,Female,4,4709.5,2,12,12,10
30,9,3,3,Male,1,1536,1,11,12,12
30,1,1,3,Male,3,4237,1,22,12,11
30,3,3,4,Female,1,1328.5,5,11,8,5
30,26,4,3,Female,1,3348,5,15,9,6
30,28,2,4,Female,4,2887.5,1,13,11,10
30,5,3,4,Female,3,3059,1,13,10,10
30,25,2,4,Female,3,2368,7,12,4,2
30,2,1,3,Male,2,1238,1,18,1,1
30,4,3,3,Male,4,1142.5,9,23,3,1
30,12,3,2,Female,3,3288.5,0,11,6,5
30,2,3,3,Female,4,3045.5,2,20,11,5
30,3,3,3,Male,4,1048.5,4,15,9,5
30,22,4,3,Female,1,4206,0,11,10,9
30,2,3,3,Female,4,1282,0,14,12,11
30,7,1,4,Male,2,1491.5,0,14,4,3
30,12,4,2,Male,1,1016.5,1,18,1,1
30,3,3,3,Female,3,1041.5,1,20,1,1
30,27,5,3,Male,4,2652,7,23,10,8
30,1,3,4,Male,3,1916.5,3,21,7,2
30,2,3,3,Female,4,3438.5,5,24,12,0
30,5,4,2,Male,4,1880.5,9,12,10,5
30,8,2,3,Male,3,3632,5,11,10,8
30,22,3,1,Female,3,1066,4,11,7,5
30,8,2,2,Female,1,5708,0,12,9,8
30,5,3,2,Female,2,1211,0,17,4,3
30,20,3,3,Male,1,4978.5,0,15,7,6
30,10,3,3,Male,3,3289,1,18,10,10
30,29,4,3,Male,1,2057.5,8,19,8,4
30,7,4,3,Male,3,1745.5,1,13,10,10
30,1,3,4,Male,2,1789.5,0,21,12,11
30,9,2,3,Female,3,2347.5,7,18,10,8
30,6,3,1,Female,4,2313.5,0,12,10,9
30,17,4,2,Female,1,5958,1,23,9,9
30,7,4,4,Female,1,2389.5,7,14,8,3
30,16,1,4,Male,3,2650.5,8,15,4,2
30,7,3,3,Male,3,637,1,13,1,1
30,1,3,3,Male,3,1032,0,21,6,5
30,1,3,2,Male,1,4857,1,11,10,10
30,29,4,3,Male,2,4625,3,12,9,4
30,7,3,2,Male,2,1070.5,1,12,6,6
30,16,1,2,Male,4,1431,1,12,10,10
30,2,4,4,Female,1,2484,0,16,10,9
30,8,3,3,Female,4,1090,6,11,6,4
30,15,2,3,Male,1,3570,2,11,12,7
30,16,3,3,Male,3,2647,3,16,10,7
30,10,3,1,Female,3,4833.5,9,14,9,7
30,9,3,2,Male,4,540.5,1,13,1,1
30,1,2,4,Male,2,1874,1,13,12,12
31,26,1,1,Male,3,1455.5,1,17,5,5
31,7,4,4,Male,4,2957.5,3,22,10,7
31,1,4,3,Male,2,1250.5,1,17,1,1
31,8,4,3,Female,4,2212,1,23,11,11
31,6,4,2,Male,3,3086,4,18,12,7
31,20,3,2,Female,3,2279.5,3,11,4,2
31,12,1,3,Female,4,1964.5,8,23,7,4
31,1,4,3,Male,3,2172.5,0,12,6,5
31,3,4,2,Male,3,6837.5,9,12,9,2
31,29,2,3,Male,2,1739.5,0,11,6,5
31,23,3,2,Male,4,2791,0,21,10,9
31,5,3,4,Female,2,1394.5,1,11,2,2
31,7,3,2,Male,4,3464.5,4,11,10,8
31,5,4,3,Male,4,2410.5,0,12,6,5
31,2,3,1,Male,1,3205,3,12,9,2
31,2,4,3,Male,4,1347.5,0,18,3,2
31,7,3,4,Male,4,3773.5,4,12,13,7
31,7,2,3,Female,3,4471.5,1,24,10,10
31,7,4,3,Female,4,3571.5,1,14,11,11
31,9,4,3,Male,2,1328.5,0,16,3,2
31,7,2,2,Female,1,2153,1,12,13,13
31,1,2,4,Male,1,1109,1,12,4,4
31,9,1,3,Male,2,5324,1,25,13,13
31,20,3,1,Male,3,4912,3,12,12,1
31,2,1,2,Male,4,3291,4,13,10,6
31,7,3,3,Male,4,5778.5,9,21,10,5
31,13,4,2,Male,1,2116.5,2,17,9,3
31,6,4,1,Male,4,2730,4,22,13,7
31,11,4,4,Male,4,1178,3,19,8,6
31,7,4,2,Male,3,1164.5,3,15,13,7
31,20,2,4,Female,3,3466,1,13,9,9
31,12,3,4,Female,4,2927.5,0,11,10,9
31,9,2,3,Male,1,1160.5,0,22,4,3
31,1,1,3,Female,1,2074,1,12,4,4
31,20,3,3,Male,4,1395.5,0,12,3,2
31,15,3,3,Male,3,1305,1,12,2,2
31,11,2,3,Male,1,3416.5,1,12,6,6
31,24,3,3,Female,1,3406,1,19,10,10
31,2,4,4,Female,3,4926,1,19,10,10
31,1,3,4,Female,2,1151,1,11,3,3
31,2,3,3,Female,4,1392.5,7,14,3,1
31,22,4,4,Male,3,3089.5,1,15,10,10
31,1,4,2,Female,3,679.5,1,12,1,1
31,8,5,1,Female,2,8211,3,11,9,3
31,8,3,1,Female,2,630.5,1,12,1,1
31,8,2,1,Male,4,5396.5,1,18,13,13
31,1,5,3,Female,2,3723,1,11,10,10
31,8,2,4,Female,2,1054.5,9,18,8,3
31,2,3,2,Male,4,1861,6,13,7,2
31,3,3,4,Female,3,2042,1,12,7,7
31,2,4,4,Male,1,2666,7,13,10,5
31,5,4,1,Female,4,2738,1,11,10,10
31,2,4,2,Male,3,1738.5,1,14,6,5
31,24,1,4,Female,4,2619,2,20,9,5
31,5,3,1,Male,3,4173,1,19,6,5
31,16,4,1,Male,3,4080.5,2,13,10,1
31,29,4,1,Female,4,2734,1,14,13,12
31,7,4,1,Female,1,4818.5,2,14,9,3
31,18,5,4,Male,1,1478,0,17,2,1
31,20,3,2,Male,3,2098.5,1,11,10,10
31,10,2,3,Female,4,3291.5,2,11,8,5
31,4,3,1,Female,3,1989,8,12,4,2
31,3,2,3,Male,1,1532.5,1,13,4,4
31,1,3,4,Male,1,2501.5,1,21,10,10
31,26,4,1,Male,4,2808.5,1,11,10,10
31,2,1,4,Female,4,564.5,1,11,1,1
31,10,3,3,Female,3,5515.5,4,20,13,11
31,2,2,1,Male,3,1533.5,0,19,3,2
31,5,3,2,Male,1,4968,0,19,10,9
32,2,2,4,Male,4,1534,0,13,8,7
32,5,2,1,Male,2,1649,0,12,7,6
32,16,1,2,Female,1,1959.5,1,22,10,10
32,1,3,1,Male,4,3081,1,22,9,9
32,1,3,2,Male,2,3110,1,17,10,10
32,6,4,2,Male,3,2505,1,16,12,11
32,1,1,4,Male,1,1478,1,13,1,1
32,9,3,1,Female,1,2100,7,22,10,5
32,9,2,4,Male,4,2334,0,17,9,8
32,8,3,2,Female,4,4499,1,14,9,9
32,6,5,3,Male,3,1519,3,20,8,5
32,4,4,4,Male,4,5200,1,11,14,14
32,4,2,3,Female,2,1965.5,2,11,6,4
32,1,3,4,Male,3,1865,0,14,4,3
32,26,4,3,Male,4,2232.5,0,18,4,3
32,7,3,2,Male,2,1397,1,20,5,5
32,2,1,4,Male,1,1088,4,13,9,6
32,7,3,4,Male,3,2742,1,14,13,13
32,8,2,3,Female,2,2614,1,11,13,13
32,2,4,1,Female,4,2527.5,7,16,10,7
32,2,3,3,Female,2,1185,1,13,8,8
32,11,4,4,Male,3,2353.5,8,12,6,4
32,9,4,1,Female,4,3161,1,12,6,6
32,10,3,4,Male,4,2698,1,12,10,10
32,3,2,3,Female,4,5579.5,3,15,10,7
32,24,4,1,Male,4,2654.5,1,15,10,10
32,4,3,3,Female,3,3081,1,12,14,14
32,13,4,2,Male,4,2201.5,2,11,8,5
32,8,2,3,Female,3,2587.5,5,12,9,5
32,1,3,4,Male,4,1157,0,12,4,3
32,5,2,2,Male,2,3262,1,14,10,10
32,25,4,1,Male,4,1397.5,1,24,1,1
32,1,3,3,Female,2,1166,6,20,5,3
32,3,4,3,Female,1,3362.5,1,12,8,8
32,29,4,4,Female,3,2012.5,9,12,10,8
32,2,1,3,Female,1,1413.5,1,12,1,1
32,13,3,3,Female,2,1371.5,1,20,2,2
32,2,2,4,Female,3,2499,4,14,10,8
32,8,3,3,Male,4,3104.5,1,15,10,10
32,7,2,4,Male,3,2441.5,1,18,10,10
32,2,1,3,Male,2,2039,0,13,4,3
32,7,5,4,Male,4,4602,4,12,7,4
32,10,3,3,Male,4,5622,2,25,10,5
32,5,2,4,Female,2,2939,3,12,12,7
32,1,4,4,Male,1,2043.5,4,14,9,6
32,5,4,2,Female,4,1656,3,17,6,3
32,2,3,4,Male,2,2735,0,13,10,9
32,2,4,4,Male,2,696.5,1,12,1,1
32,10,3,1,Male,3,1716.5,6,13,10,5
32,1,2,1,Male,2,3367.5,6,15,10,0
32,19,3,4,Male,3,4805,3,13,10,4
32,5,4,2,Male,2,1359,2,14,12,7
32,10,4,4,Male,4,2324,8,13,4,0
32,2,4,3,Male,2,4953.5,7,12,7,2
32,5,2,1,Female,3,1216,3,14,8,4
32,15,4,3,Female,4,3333.5,5,18,9,5
32,5,4,4,Male,4,4839.5,8,24,8,1
32,29,4,3,Female,2,1418.5,1,13,6,6
32,1,4,2,Male,2,1134.5,0,14,3,2
32,1,4,3,Female,4,5211,1,19,14,14
32,2,3,4,Male,1,1219.5,1,14,4,4
33,3,4,4,Female,3,1454.5,1,11,8,8
33,2,3,3,Male,4,1248,4,11,7,1
33,1,3,3,Female,1,2688,2,19,10,5
33,1,2,1,Female,4,6729,1,12,15,15
33,22,2,3,Male,2,3073,0,13,8,7
33,2,3,3,Male,4,1250,0,14,4,3
33,14,3,4,Female,2,1378,1,13,8,8
33,4,4,3,Female,2,1311,6,21,7,3
33,14,3,3,Male,4,1218,5,13,8,5
33,2,2,1,Female,1,1353.5,7,20,13,9
33,5,4,3,Female,4,1455.5,1,13,2,2
33,5,4,4,Female,2,5939,6,11,12,10
33,10,3,2,Male,4,2341,3,14,9,7
33,5,3,4,Female,3,1425.5,1,13,1,1
33,15,1,2,Male,3,6805,7,12,15,7
33,10,1,1,Male,4,1704,7,13,8,4
33,1,5,1,Female,3,8092,4,19,10,6
33,8,4,3,Male,3,3552,0,12,6,5
33,6,3,3,Male,4,3862.5,3,23,15,13
33,3,3,1,Male,1,1674,1,11,10,10
33,1,4,4,Male,4,1343,1,13,10,10
33,7,3,3,Male,3,5845.5,0,11,14,13
33,16,3,1,Female,1,2662,5,15,6,3
33,1,3,1,Male,1,2018.5,1,22,9,9
33,3,2,4,Male,2,1138.5,3,11,7,4
33,1,4,3,Male,1,1399.5,3,11,6,3
33,1,3,2,Female,4,3474.5,0,14,6,5
33,17,3,4,Male,3,8722,1,11,10,10
33,13,1,2,Female,4,1726,3,18,5,3
33,1,4,3,Female,2,2744,1,13,6,6
33,8,1,2,Female,4,1171,0,19,3,2
33,5,3,4,Male,4,3559.5,4,15,9,3
33,29,4,1,Female,3,2254,1,22,14,13
33,25,3,1,Male,2,1156.5,4,20,5,2
33,7,3,4,Female,2,2151,0,17,4,3
33,9,4,1,Female,1,4112,0,17,6,5
33,2,3,2,Male,3,1800,1,13,5,5
33,25,3,2,Female,3,2269.5,1,12,10,10
33,9,3,1,Male,4,1390.5,0,13,15,14
33,10,5,4,Male,3,4190,0,14,10,9
33,5,1,2,Male,4,4999,6,13,8,5
33,7,3,4,Male,1,2186.5,0,14,5,4
33,4,4,1,Female,2,1919,8,11,8,5
33,8,5,4,Male,3,3194,2,17,14,0
33,25,3,4,Male,2,2160,1,13,5,5
33,28,4,2,Male,3,2603.5,1,12,15,15
33,8,4,1,Male,1,3196,2,13,8,2
33,2,4,4,Male,4,2752.5,1,14,6,6
33,16,3,3,Female,4,2684,1,25,7,6
33,21,3,2,Male,2,1014,1,18,14,14
33,2,3,4,Female,2,2573.5,8,15,13,11
33,16,3,1,Female,1,4282,2,20,11,0
33,4,3,4,Male,2,1527.5,5,15,11,9
33,8,4,4,Male,1,1571.5,6,19,14,10
33,10,4,2,Male,3,2743.5,1,14,10,10
33,7,2,4,Male,3,2984,1,20,9,9
33,1,2,2,Male,3,1004,1,12,1,1
33,15,2,2,Female,4,2439,0,13,10,9
34,19,2,2,Male,4,1330.5,0,11,3,2
34,7,4,1,Female,2,5997,0,11,13,12
34,6,1,2,Male,1,1480,2,11,8,4
34,23,4,2,Male,3,2284,0,20,10,9
34,1,2,1,Male,2,2162.5,1,15,5,5
34,6,4,1,Female,3,2404.5,1,14,16,16
34,7,3,1,Male,3,3037,1,24,9,9
34,6,4,3,Female,2,2252.5,6,15,12,1
34,5,3,3,Female,1,5815.5,2,12,14,11
34,2,4,3,Female,3,1115.5,6,18,6,4
34,27,2,4,Female,2,1155.5,2,15,9,3
34,2,1,4,Male,3,4773.5,1,17,10,10
34,10,4,4,Male,3,1907.5,1,17,5,5
34,2,4,4,Male,1,2978.5,6,13,13,11
34,19,3,1,Male,4,2652,8,13,9,5
34,4,4,3,Female,3,3269,9,15,6,3
34,6,2,4,Female,3,1175.5,0,16,3,2
34,2,4,4,Male,3,1384,3,12,14,7
34,23,3,2,Female,1,4975,9,15,11,3
34,21,4,4,Male,4,2668.5,1,12,10,10
34,1,2,2,Male,4,1811,1,13,6,6
34,14,3,3,Female,3,1289.5,1,18,8,8
34,1,5,2,Male,4,1345.5,1,12,10,10
34,9,3,4,Female,2,4310.5,1,14,9,8
34,8,2,2,Female,3,3071,3,11,10,5
34,8,5,2,Female,1,2560.5,3,14,7,0
34,2,3,4,Male,4,3137,1,22,6,6
34,1,4,2,Female,4,1640,2,16,10,4
34,2,4,3,Female,1,2190.5,1,11,6,6
34,8,2,3,Female,1,3250,5,17,6,3
34,16,4,3,Female,4,1276.5,1,16,6,5
34,3,2,3,Male,4,1868.5,0,19,4,3
34,10,3,2,Male,2,1004,1,14,1,1
34,1,4,2,Male,4,4862.5,0,11,16,15
34,10,4,3,Female,3,1110,1,19,1,1
34,3,1,1,Male,4,3878,0,17,7,6
34,3,4,3,Male,4,1489.5,3,17,6,0
34,2,2,4,Male,3,2016.5,2,11,5,3
34,9,1,2,Female,3,2857,1,20,6,6
34,1,3,4,Male,1,2671.5,0,20,14,13
34,20,3,3,Female,3,1292.5,0,17,2,1
34,2,3,3,Female,1,2269,0,12,4,3
34,19,3,3,Female,2,2222,4,13,15,11
34,11,3,3,Male,2,2245,4,11,14,10
34,9,3,4,Male,4,4250,0,11,10,9
34,15,2,3,Female,1,3062.5,1,12,10,10
34,26,1,1,Female,3,1014.5,1,20,5,5
34,29,3,2,Male,3,2714.5,4,13,10,8
34,2,4,3,Female,4,3343.5,1,11,14,14
34,1,4,4,Male,1,1498,5,14,10,4
34,1,3,4,Female,2,1647,5,17,7,5
34,9,4,1,Female,3,1371,1,15,2,2
34,3,3,4,Male,1,2379.5,3,18,15,13
34,15,3,2,Male,1,8503.5,7,14,16,14
34,24,4,1,Female,2,2299.5,0,23,16,15
34,1,3,4,Male,3,3541.5,1,14,10,10
34,7,2,2,Male,3,1154,0,25,12,11
34,7,4,1,Male,4,1486,1,13,1,1
34,1,4,2,Male,4,2742,9,17,9,2
34,10,4,4,Male,3,2531.5,1,14,8,8
34,10,4,3,Male,4,2362,1,13,9,9
34,3,3,4,Female,2,2716.5,1,12,11,11
34,5,2,2,Male,4,1993,1,14,15,15
34,19,3,2,Female,4,1464.5,1,12,10,10
34,2,4,4,Male,4,1466,0,14,6,5
34,10,3,4,Male,3,2000.5,1,14,15,15
34,3,2,4,Female,4,3014.5,5,12,6,2
34,9,4,4,Male,1,2673,4,17,11,7
34,8,2,2,Male,3,3399.5,1,21,10,10
34,4,3,3,Male,4,4856.5,2,13,9,5
34,16,4,4,Male,1,1153.5,1,23,5,5
34,3,1,4,Female,4,4051.5,3,12,9,4
34,22,4,3,Male,4,2873.5,1,15,16,15
34,1,3,1,Male,4,4944,1,21,14,14
34,13,4,4,Male,3,4314,1,18,9,8
34,28,3,4,Female,3,3356,1,21,8,8
34,8,3,2,Male,3,2202,2,12,6,4
35,16,3,1,Male,2,1213,0,13,6,5
35,2,3,4,Female,4,1007,1,13,2,2
35,4,2,3,Male,4,975.5,1,12,1,1
35,8,1,4,Male,4,1134.5,1,19,1,1
35,11,2,3,Male,1,4942,2,13,10,4
35,18,5,2,Male,1,4534.5,1,22,9,9
35,23,4,3,Female,1,2007,3,15,4,2
35,1,3,2,Male,1,1097,4,13,5,3
35,1,4,3,Male,1,2156,0,14,16,15
35,1,3,2,Male,3,1429.5,1,18,6,6
35,1,5,3,Male,2,3647.5,1,13,10,10
35,23,2,2,Male,3,2958,3,13,8,1
35,2,3,2,Female,2,2212.5,5,11,10,6
35,1,3,3,Female,3,4394.5,1,14,10,10
35,22,3,2,Female,2,5998,7,18,10,7
35,16,3,3,Male,2,4010,0,15,12,11
35,5,4,3,Male,2,4047.5,0,13,17,16
35,9,4,3,Male,2,3270,9,19,10,1
35,22,3,4,Male,3,2115,0,15,6,5
35,16,3,4,Male,3,3816,4,12,10,8
35,1,3,2,Male,3,2358.5,9,11,15,11
35,1,3,1,Female,3,2429.5,1,16,5,5
35,25,2,1,Male,4,1840.5,4,14,9,3
35,6,4,2,Male,4,3323,1,13,17,17
35,3,3,3,Male,3,640.5,1,18,1,1
35,2,4,4,Female,1,2546.5,2,11,16,1
35,8,4,1,Female,4,1286,1,16,3,3
35,1,4,4,Female,3,1253,3,13,7,2
35,7,3,3,Male,3,5110.5,3,21,17,8
35,27,1,3,Female,1,1279.5,1,11,6,6
35,9,3,4,Female,3,5342.5,1,20,17,17
35,25,4,4,Female,2,1011,1,19,10,10
35,25,3,4,Male,2,5451.5,3,16,16,13
35,21,1,4,Female,4,2007,1,25,10,10
35,18,3,3,Female,3,2300.5,1,16,5,5
35,3,4,4,Male,4,3911.5,6,13,12,10
35,14,4,3,Male,2,1871.5,1,24,5,4
35,25,4,3,Female,3,5194,1,11,16,16
35,10,3,2,Male,4,1958.5,1,20,3,3
35,4,3,4,Male,1,4791,0,22,9,8
35,11,2,4,Male,4,2484,1,11,5,5
35,8,4,3,Male,3,2161.5,1,17,6,5
35,1,4,4,Male,3,1129,6,12,10,8
35,2,3,3,Male,2,5137,2,18,15,7
35,4,4,4,Male,4,1188,1,13,2,2
35,17,4,3,Male,1,4483,3,15,15,7
35,8,2,3,Female,4,5188.5,4,11,16,13
35,6,1,3,Male,3,1753,0,14,4,3
35,4,4,3,Male,3,2124.5,1,11,9,9
35,1,3,4,Female,4,2681.5,0,12,10,9
35,18,4,4,Female,3,2307,0,18,5,4
35,18,2,3,Male,4,4681,2,11,10,2
35,7,1,4,Male,3,1202,1,13,1,1
35,16,3,4,Female,2,4303,1,19,11,11
35,28,4,2,Female,3,1215,0,23,6,5
35,1,3,4,Male,1,1225,1,19,3,3
35,2,3,1,Female,1,1037,1,12,1,1
35,10,4,1,Female,3,3071,3,16,10,5
35,28,3,2,Male,3,1703.5,1,17,10,10
35,7,2,3,Male,4,1345,1,18,1,1
35,18,5,2,Male,1,2604,1,11,16,16
35,8,4,3,Female,3,2074,1,12,15,14
35,10,3,4,Male,1,5153,9,17,15,13
35,15,2,1,Male,4,2720,6,14,7,2
35,12,4,4,Male,4,2290.5,3,24,13,11
35,2,4,1,Male,4,2465,0,14,6,5
35,27,4,4,Male,3,3441.5,2,16,17,7
35,27,3,3,Male,4,2906.5,1,18,10,10
35,2,2,2,Male,4,2881,2,14,15,7
35,23,4,2,Male,3,1352.5,0,16,6,5
35,16,2,4,Female,2,2394,0,11,4,3
35,18,4,2,Male,1,2780.5,0,16,6,5
35,7,4,3,Female,4,2602,1,11,10,10
35,11,4,4,Male,3,1330,7,11,5,2
35,9,4,2,Male,3,2549,1,19,10,10
35,26,4,3,Female,4,4418.5,1,16,9,9
35,18,4,3,Male,3,2844.5,1,14,10,10
35,1,4,3,Female,4,1488.5,1,12,4,4
36,27,3,3,Male,3,2618.5,6,13,17,7
36,9,4,3,Male,1,1703.5,7,23,10,5
36,5,4,2,Female,1,1709.5,9,14,6,1
36,8,3,3,Female,3,5048,1,13,17,17
36,11,3,2,Male,2,3249.5,1,13,6,6
36,9,3,4,Male,3,1694,0,17,2,1
36,6,3,2,Female,4,1519,3,12,5,1
36,11,2,2,Female,4,4869,0,14,10,9
36,3,2,1,Female,4,1417.5,5,22,7,1
36,6,2,2,Male,2,2470.5,6,20,7,3
36,3,2,4,Male,2,1044,4,12,13,8
36,18,1,2,Female,4,1076.5,1,13,8,8
36,5,2,4,Male,2,2957,8,16,16,13
36,6,3,4,Male,4,1605,0,11,16,15
36,3,3,3,Male,2,2242.5,4,12,10,8
36,18,4,3,Male,4,1844,4,18,4,1
36,24,4,2,Female,2,2837,7,15,11,9
36,1,5,4,Female,4,3326.5,4,15,7,1
36,3,4,1,Male,4,4849.5,4,11,16,13
36,2,3,4,Female,3,1271.5,4,13,6,2
36,2,2,2,Male,3,3798,1,13,10,10
36,10,4,2,Male,4,4990,1,14,10,10
36,9,2,2,Male,2,4423.5,2,11,13,3
36,8,3,1,Female,1,5856.5,9,14,10,8
36,8,4,1,Male,1,3793.5,1,15,10,10
36,1,3,3,Female,2,2614,0,15,10,9
36,13,3,3,Male,2,1071.5,4,13,8,5
36,1,2,2,Male,4,3100.5,1,14,18,18
36,8,3,1,Male,1,1171,0,21,6,5
36,14,1,3,Male,4,3293,0,17,17,16
36,7,4,2,Male,4,2339,2,18,8,6
36,2,4,3,Male,3,1259.5,4,21,16,11
36,3,1,3,Male,4,5162.5,1,11,16,16
36,8,4,1,Male,4,2539.5,4,13,12,7
36,16,4,3,Female,1,1371.5,1,16,18,17
36,15,3,1,Male,3,2417,7,14,9,1
36,12,5,4,Female,4,4429,0,11,15,14
36,18,4,1,Male,4,3889.5,2,20,18,11
36,6,4,3,Male,3,1370.5,1,14,7,7
36,1,3,3,Female,1,5126,2,21,17,7
36,3,3,3,Male,2,1846,1,12,12,11
36,2,4,3,Female,2,2705,9,11,18,16
36,10,4,4,Female,3,3547,3,12,10,7
36,7,3,1,Female,1,2319.5,2,16,17,15
36,3,4,1,Female,2,4639,3,16,15,5
36,4,4,1,Male,4,2905,1,16,10,10
36,16,4,3,Female,1,2823.5,4,13,11,3
36,2,4,3,Male,4,1322,3,21,7,3
36,1,4,2,Female,3,3407.5,6,13,15,1
36,6,4,1,Male,1,2781,3,13,9,3
36,12,4,3,Female,3,2331.5,9,12,7,3
36,5,4,2,Female,1,4004,4,12,9,3
36,7,3,1,Male,2,1006.5,2,11,15,4
36,1,4,4,Female,3,2187,0,15,4,3
36,3,2,4,Male,1,3421,6,20,13,5
36,26,4,1,Male,3,2673.5,6,14,10,3
36,2,4,3,Female,4,2251,3,15,17,13
36,13,5,2,Male,1,3067,5,13,16,2
36,10,3,4,Male,1,4160.5,7,13,15,12
36,2,4,4,Female,2,3481,4,22,15,1
36,10,4,2,Female,3,2836.5,1,13,10,10
36,2,1,2,Male,4,1943,1,21,10,10
36,17,2,3,Male,2,2753.5,2,16,12,4
36,9,4,1,Male,2,1405,1,22,5,5
36,3,3,1,Female,4,3822,0,19,10,9
36,4,2,4,Female,2,2565.5,7,13,18,4
36,15,4,4,Male,4,2703,1,24,15,15
36,11,4,2,Female,4,3326,4,13,8,6
36,23,2,3,Male,4,1285.5,4,17,17,5
37,2,2,4,Male,3,1045,6,15,7,0
37,19,2,2,Male,2,1511,4,21,8,1
37,1,4,1,Male,3,2996.5,1,18,7,7
37,7,4,1,Male,3,6832,4,13,16,5
37,6,4,3,Male,1,1036.5,4,22,7,3
37,2,2,3,Male,4,2581.5,5,14,17,1
37,3,3,3,Male,4,3714,2,12,12,5
37,21,3,2,Male,1,1782,1,12,8,8
37,11,3,2,Male,4,6092.5,1,14,10,10
37,4,4,1,Male,4,1396.5,4,17,13,9
37,1,2,3,Female,1,1960,2,14,17,3
37,10,3,1,Male,3,5024,6,11,17,1
37,6,4,3,Male,4,3251,4,14,7,5
37,1,4,1,Female,4,6801.5,2,18,15,5
37,1,3,4,Female,4,1057.5,1,12,17,17
37,9,3,2,Male,4,1163,1,12,4,4
37,5,2,4,Male,4,3173.5,7,16,8,6
37,6,3,3,Male,1,2987,4,13,13,7
37,10,3,3,Female,1,1726,6,20,17,5
37,14,3,4,Female,1,1517,1,12,18,18
37,10,4,3,Male,2,2098.5,2,12,18,1
37,25,5,2,Female,3,2224.5,3,15,15,13
37,1,3,2,Female,4,3745.5,4,17,12,6
37,9,4,1,Male,2,4417,1,13,9,9
37,1,4,2,Female,2,3223.5,6,12,8,6
37,2,3,4,Male,3,4801,4,11,17,3
37,3,3,3,Male,3,4717,1,15,10,10
37,10,2,4,Male,4,2340,3,17,4,1
37,10,1,4,Female,1,1391,0,13,6,5
37,16,4,4,Male,3,3167,4,19,9,1
37,21,2,3,Female,4,1486.5,5,15,10,5
37,19,2,1,Male,2,3821,1,13,10,10
37,1,4,1,Male,3,5304.5,5,11,17,14
37,11,2,1,Female,2,2388.5,5,15,15,1
37,3,3,4,Female,2,2053.5,3,15,8,4
37,10,4,4,Female,4,3347,2,14,8,1
37,25,2,3,Female,4,2865.5,7,13,9,6
37,1,3,4,Female,4,3237,1,13,14,14
37,4,1,3,Male,3,1498,7,15,8,6
37,11,3,1,Female,3,1814.5,4,18,8,3
37,5,2,3,Male,3,1750,0,14,7,6
37,13,3,1,Male,4,2142.5,1,17,10,10
37,19,3,3,Male,3,2884,3,17,9,4
37,10,3,2,Female,2,1968,1,11,8,8
37,1,4,3,Male,4,4762.5,1,14,6,6
37,9,2,2,Male,2,2094.5,1,14,5,5
37,8,2,3,Male,2,2035.5,2,13,19,10
37,10,4,4,Male,1,2106.5,1,15,10,10
37,7,4,4,Male,1,2142,5,22,16,5
37,10,3,3,Female,4,6872,1,25,16,16
38,23,3,4,Male,3,4763,0,21,10,9
38,2,3,4,Male,4,1972,5,11,6,3
38,29,5,4,Female,4,1203,1,11,10,10
38,6,3,2,Female,4,2664.5,7,12,17,13
38,3,5,4,Female,3,2158.5,3,20,19,3
38,1,4,1,Female,4,4343,4,22,12,8
38,9,2,3,Female,4,1144,1,12,2,2
38,2,4,4,Male,3,3276.5,9,14,14,1
38,29,3,4,Male,4,3130.5,3,18,9,7
38,29,1,2,Male,1,3336.5,7,19,17,1
38,3,3,1,Male,3,5304.5,0,12,17,16
38,2,2,4,Male,4,2624.5,3,18,13,8
38,7,2,1,Female,1,2802.5,1,24,8,8
38,23,4,4,Male,4,2872.5,9,14,10,2
38,25,2,1,Female,2,6030.5,3,17,19,10
38,15,2,3,Male,4,5755,0,14,12,11
38,2,2,4,Male,4,851,1,23,1,1
38,10,3,3,Female,3,4912,3,19,18,1
38,1,1,3,Female,1,1309.5,3,17,8,0
38,7,4,4,Female,4,2014,0,20,8,7
38,1,4,2,Female,4,3812.5,0,13,10,9
38,1,3,3,Female,3,3930.5,4,14,10,1
38,2,5,4,Male,3,1528.5,6,13,6,1
38,2,4,1,Female,1,2990,6,12,17,15
38,12,3,1,Male,1,3144,2,15,13,4
38,9,3,2,Male,2,1449.5,0,19,3,2
38,1,3,4,Female,1,6791,1,13,15,15
38,10,3,3,Female,4,2833,1,13,6,5
38,10,1,3,Male,3,1342,0,17,3,2
38,3,4,2,Male,4,3430.5,8,12,19,1
38,3,4,3,Male,3,1410.5,3,16,8,2
38,17,1,3,Female,3,4411.5,0,18,20,19
38,10,4,3,Male,3,4370,0,14,9,8
38,2,2,4,Male,2,3675.5,7,16,10,1
38,1,3,3,Male,3,1422,1,13,7,7
38,2,2,2,Female,1,3446.5,3,15,11,7
38,7,3,4,Male,3,1305,1,11,4,4
38,10,4,3,Male,3,3038.5,3,11,10,6
38,2,3,3,Male,2,2427.5,4,11,7,5
38,14,3,3,Male,2,4962,0,11,10,9
38,16,3,2,Female,2,2099,2,12,8,3
38,2,2,4,Female,3,3878,3,19,10,5
38,1,3,4,Male,4,2367.5,7,15,19,13
38,2,3,4,Female,2,1220,1,22,4,4
38,4,2,4,Female,3,1653,7,19,7,0
38,2,2,3,Female,2,1234,4,14,9,6
38,18,3,2,Male,4,2905.5,3,16,15,1
38,6,2,4,Female,3,1851,1,11,5,5
38,2,3,1,Male,2,1296,5,13,13,11
38,2,4,2,Female,4,2702.5,2,20,20,4
38,8,3,4,Female,2,1066.5,1,16,20,20
38,9,2,2,Male,4,2385.5,2,19,10,5
38,1,3,1,Male,1,1429,4,14,20,1
38,1,4,4,Male,2,1495.5,0,11,7,6
38,1,4,4,Male,2,2220,0,15,16,15
38,6,4,1,Male,3,2660.5,2,11,10,8
38,10,3,2,Female,3,6603,3,12,20,18
38,10,2,1,Female,4,2671.5,1,11,10,10
39,5,3,4,Male,4,1043,3,14,19,1
39,4,4,4,Female,3,2951,4,14,17,15
39,1,4,3,Female,3,1116,7,14,7,3
39,2,4,3,Female,3,5469,0,25,20,19
39,1,3,3,Male,4,4806.5,0,17,19,18
39,10,1,3,Male,1,8534,1,14,21,21
39,7,2,3,Male,4,9636,1,15,21,21
39,3,2,4,Female,3,2619,4,18,12,1
39,1,1,2,Male,3,9598.5,1,14,21,21
39,8,1,3,Female,3,1877.5,1,11,8,8
39,2,4,4,Female,3,2276.5,1,11,20,20
39,3,3,3,Female,2,3194.5,9,15,12,8
39,2,3,4,Female,4,2602,8,11,13,5
39,6,3,4,Male,1,1202,7,21,8,2
39,2,5,1,Male,3,3940,0,18,9,8
39,1,1,4,Female,4,6371,1,16,21,21
39,22,3,4,Female,1,5440,1,13,21,21
39,2,3,1,Male,4,6084.5,7,11,21,18
39,9,3,3,Male,2,3391,9,15,9,5
39,13,4,3,Female,2,8561.5,6,13,21,19
39,23,3,3,Male,1,1952,0,13,6,5
39,18,2,1,Male,3,2267,0,11,9,8
39,21,4,1,Male,4,3060,3,12,8,5
39,25,2,3,Male,3,5460,3,21,13,6
39,2,3,1,Female,1,1823,2,23,11,1
39,6,3,2,Female,2,4188,4,18,9,2
39,6,3,4,Male,3,4118.5,2,11,11,7
39,10,5,2,Male,1,2688.5,2,13,10,7
39,3,2,3,Male,3,1534.5,0,15,11,10
39,4,3,1,Female,3,2521,0,13,10,9
39,12,3,4,Male,2,2647.5,4,21,7,5
39,1,3,4,Male,4,3236,1,15,9,9
39,10,1,3,Male,3,6732,7,21,9,4
39,20,3,3,Male,4,2063.5,2,18,7,2
39,19,4,4,Male,4,1951,8,14,7,2
39,21,4,1,Female,3,2868,6,19,10,3
39,9,2,1,Male,1,2575.5,1,25,10,10
39,15,4,2,Male,1,6670.5,0,12,21,20
39,24,1,1,Male,4,2054,7,13,18,7
39,9,3,4,Male,4,9715.5,2,13,21,6
39,24,1,2,Female,4,6015.5,0,11,21,20
39,6,1,4,Male,1,4995.5,4,15,9,7
40,1,4,3,Male,2,6751.5,1,22,22,22
40,26,3,2,Female,2,2802.5,1,11,20,20
40,4,4,3,Male,4,5427.5,7,11,15,12
40,4,1,4,Female,3,9516.5,1,14,21,20
40,19,2,3,Male,4,1370.5,8,15,15,7
40,9,5,4,Male,4,2438,9,14,5,3
40,24,2,1,Male,4,1659.5,1,17,9,9
40,2,2,1,Male,3,9718,0,19,22,21
40,1,2,2,Male,4,3728.5,2,22,6,4
40,10,4,4,Female,3,1106.5,3,13,10,7
40,22,2,3,Male,3,3190,2,12,8,6
40,2,2,4,Female,2,2857.5,7,12,8,5
40,2,3,2,Female,3,1724,6,22,20,1
40,2,4,3,Female,3,9020.5,0,14,21,20
40,6,3,2,Female,3,6618.5,7,15,22,20
40,28,3,3,Male,1,5466,3,15,20,1
40,5,4,4,Male,1,5237.5,5,21,20,18
40,2,1,4,Female,4,1171,0,20,5,4
40,2,2,3,Female,2,2122,1,24,8,8
40,16,4,1,Male,3,2547,6,14,10,1
40,10,4,1,Male,2,4852.5,2,12,11,1
40,9,4,4,Male,2,1808.5,8,14,3,1
40,24,3,2,Female,2,6597,4,16,22,1
40,26,3,3,Male,1,4198,1,14,8,7
40,20,4,1,Male,4,5161,4,20,14,11
40,14,3,3,Male,3,9813,1,14,21,20
40,9,4,2,Female,3,6749.5,9,17,20,18
40,26,2,3,Female,4,2211,3,13,16,1
40,2,4,2,Male,2,2163.5,5,12,5,0
40,10,3,2,Female,2,3426,7,12,7,5
40,25,4,4,Male,2,4547,2,12,9,5
40,16,2,3,Male,3,1772,9,16,6,4
40,2,3,3,Male,4,2330.5,1,13,9,9
40,1,4,2,Male,2,1193.5,3,22,7,4
40,2,1,2,Female,3,3188.5,5,20,15,12
40,9,4,3,Male,3,1987.5,3,11,11,8
40,8,1,4,Male,2,6878.5,2,11,16,9
40,2,3,3,Male,3,1172.5,2,14,8,3
40,9,4,4,Male,1,1009,3,14,15,5
40,9,2,1,Male,1,2736.5,0,12,9,8
40,6,2,3,Male,4,8218.5,1,21,21,21
40,8,2,4,Male,4,2034.5,3,18,8,2
40,14,2,4,Female,1,2319.5,1,15,5,5
40,15,3,1,Female,3,5217.5,1,13,18,18
40,16,3,3,Female,4,3972.5,6,15,18,4
40,7,3,1,Male,1,1083,3,14,10,4
40,8,2,2,Female,1,3258,2,16,18,1
40,7,4,2,Male,2,9916.5,1,14,21,21
40,2,2,3,Female,1,1688.5,4,17,7,4
40,1,3,3,Female,4,3256.5,4,17,12,5
40,12,3,2,Female,1,2224,2,12,15,7
40,1,4,1,Male,1,8411.5,2,11,22,19
40,11,3,4,Female,3,3161.5,1,11,10,10
40,2,2,2,Female,2,2838.5,3,14,15,11
40,1,4,1,Male,4,1203,8,19,8,1
40,2,4,3,Male,3,1404.5,2,14,8,2
40,2,4,3,Female,3,1000.5,2,14,20,5
41,1,2,2,Female,4,2996.5,8,11,8,6
41,12,3,2,Female,3,9772.5,1,12,23,22
41,9,1,3,Male,3,4094.5,3,13,12,9
41,10,3,4,Male,1,8590.5,4,13,21,7
41,9,4,3,Male,1,1119,2,21,7,5
41,14,3,1,Male,3,1225.5,4,12,13,9
41,20,2,2,Female,2,1570,1,22,4,4
41,6,3,4,Female,4,6795.5,3,18,16,1
41,19,2,3,Male,1,1536,2,16,17,1
41,2,4,4,Male,2,8007.5,1,19,22,22
41,6,3,4,Male,2,3016,6,15,8,5
41,4,3,1,Male,2,4677.5,1,18,8,8
41,1,3,2,Male,1,4196,1,16,10,10
41,10,2,4,Male,4,3115,7,14,16,14
41,2,4,1,Female,3,3405.5,2,17,10,8
41,2,5,2,Female,1,8297.5,7,16,22,18
41,10,4,2,Male,4,9570.5,3,15,23,21
41,1,3,4,Male,3,9594.5,1,12,22,22
41,2,4,2,Female,4,1389,4,13,10,7
41,6,3,4,Male,1,2360.5,2,13,20,18
41,9,3,1,Male,3,9709.5,2,17,21,18
41,7,2,4,Female,3,2501.5,6,14,8,2
41,7,1,2,Female,3,9986.5,1,22,21,21
41,7,2,2,Female,3,1688,1,13,10,10
41,12,4,2,Male,4,2383,3,11,6,1
41,5,2,1,Male,1,1053.5,6,17,5,1
41,10,2,3,Male,2,3075.5,1,13,19,19
41,1,3,3,Female,1,2051.5,0,17,10,9
41,22,3,4,Female,4,2733.5,3,14,12,6
41,5,5,2,Male,3,1063.5,2,12,7,4
41,23,2,4,Male,3,3541,3,16,21,2
41,6,3,4,Male,3,4620.5,1,12,10,10
41,4,3,3,Male,2,3215,6,19,10,3
41,9,4,3,Male,1,1144.5,1,20,5,5
41,5,3,2,Male,2,3435,3,12,11,3
41,4,1,3,Female,3,5223.5,0,13,23,22
41,8,3,3,Female,2,2196.5,5,21,14,5
41,1,3,4,Male,4,1391,3,22,12,5
41,28,4,1,Female,2,6785,0,23,21,20
41,3,3,3,Male,2,4469,2,11,14,5
42,8,4,3,Male,2,3412.5,0,11,10,9
42,21,2,3,Female,3,2632.5,2,16,11,5
42,4,2,3,Male,4,9616,1,11,22,22
42,17,2,4,Female,1,3272.5,3,13,10,3
42,2,3,4,Female,1,1296.5,0,11,10,9
42,1,1,2,Male,3,2453.5,1,25,20,20
42,26,3,3,Female,2,6762.5,5,14,23,20
42,23,5,1,Female,4,7996,2,14,16,1
42,2,1,3,Male,3,1348,0,11,4,3
42,2,4,1,Male,4,3390.5,3,23,14,1
42,1,4,2,Female,1,1288,3,16,8,5
42,29,2,1,Female,3,2278,2,11,19,5
42,28,4,4,Female,4,2261.5,0,11,7,6
42,5,2,2,Male,3,1046.5,4,17,8,2
42,24,3,4,Male,1,3703,1,21,10,10
42,2,4,3,Female,4,2044.5,1,13,10,10
42,19,3,3,Male,3,1379.5,6,12,7,2
42,8,3,2,Male,4,9215,1,13,24,24
42,1,2,4,Female,4,3031,9,13,8,4
42,29,3,2,Male,2,2217,1,13,10,9
42,2,1,2,Male,4,1257.5,5,14,8,2
42,3,3,3,Female,4,2615.5,2,13,17,5
42,14,2,3,Female,3,3122,7,17,10,5
42,5,2,4,Male,3,9151.5,6,13,21,1
42,2,2,4,Male,1,8832.5,0,17,23,22
42,29,3,2,Male,4,2136,4,19,16,1
42,12,3,3,Male,1,6879,0,12,22,21
42,4,4,2,Male,1,2577.5,7,13,9,6
42,2,5,4,Male,1,3136,7,16,10,4
42,26,5,1,Female,1,6595.5,3,17,20,1
42,7,4,2,Female,2,1186,6,16,18,1
42,2,1,3,Male,3,8930.5,0,13,21,20
42,10,3,3,Female,1,8399.5,0,14,21,20
42,9,2,1,Female,4,1836.5,1,13,12,12
42,2,3,3,Male,2,2420.5,4,14,4,1
42,2,3,4,Male,4,5062,2,14,24,20
42,9,2,4,Male,4,9806.5,8,22,24,1
42,12,3,2,Male,2,1383,8,22,7,5
42,13,3,2,Male,1,2769,5,18,10,0
42,10,4,3,Male,3,1468,3,22,10,6
42,8,3,4,Male,3,1984,4,13,8,0
42,6,3,3,Male,1,6674,9,13,18,13
42,12,4,2,Male,4,2543.5,3,12,14,0
42,23,2,4,Male,3,2166,1,12,20,20
42,18,4,4,Male,1,2705,6,17,9,4
42,2,3,1,Male,3,9440,5,11,24,22
43,2,2,4,Female,3,1322.5,1,12,6,5
43,26,2,3,Male,4,8479.5,1,12,25,25
43,28,3,2,Female,3,2369.5,4,12,18,3
43,7,3,4,Male,4,1044.5,4,14,7,5
43,16,3,4,Female,4,8032,5,22,22,17
43,10,4,3,Female,4,1227.5,0,19,9,8
43,10,4,3,Female,3,2628.5,1,11,9,9
43,7,3,3,Female,1,4992.5,8,16,10,1
43,12,3,1,Male,2,7168,1,11,25,25
43,21,3,4,Male,4,1129,7,20,8,3
43,8,4,3,Female,3,2261,4,14,8,5
43,6,4,2,Male,4,8313.5,4,14,21,1
43,9,5,4,Male,3,2839.5,3,13,10,8
43,15,3,4,Male,4,3402,3,18,7,2
43,14,2,2,Male,1,8579.5,6,24,22,4
43,1,3,4,Female,4,2781,4,13,12,5
43,8,3,1,Female,2,2382.5,4,21,4,1
43,25,3,3,Male,4,5399,5,13,18,1
43,27,3,3,Female,1,5410,8,11,18,8
43,9,3,1,Female,3,2673,8,13,7,4
43,3,3,3,Male,4,9870,3,14,25,8
43,4,4,4,Female,4,5115.5,3,14,23,21
43,6,3,1,Female,3,2040.5,1,14,20,20
43,27,3,4,Male,2,2438,5,12,8,6
43,15,2,3,Male,3,8801.5,1,24,14,14
43,2,3,4,Male,4,3923.5,1,17,10,10
43,17,3,3,Male,3,1218.5,9,16,6,1
43,2,3,2,Male,4,1769.5,0,13,10,9
43,9,3,1,Male,3,1219,4,13,7,3
43,2,4,1,Male,4,2837.5,1,20,7,7
43,6,3,1,Female,3,9696,7,13,21,16
43,11,3,1,Male,3,3755,1,17,10,10
44,7,4,1,Female,4,5124,3,14,24,22
44,10,4,4,Male,4,3232.5,2,13,9,4
44,1,5,2,Female,1,2727,5,21,9,4
44,23,3,2,Male,2,1021,4,12,17,3
44,24,3,4,Male,3,1580.5,3,22,19,1
44,1,4,1,Female,3,2992.5,4,11,10,2
44,3,4,4,Male,4,9756.5,4,12,26,2
44,24,3,1,Male,3,1854,2,14,9,5
44,4,3,4,Male,2,2966.5,9,12,10,5
44,8,4,1,Male,4,1409,2,24,10,3
44,9,2,2,Male,1,1279.5,1,13,8,8
44,28,3,4,Female,4,6660,3,18,23,12
44,1,2,2,Male,1,5241,9,14,24,20
44,10,4,3,Male,3,1468,1,11,6,6
44,17,3,4,Male,3,1145,2,13,6,0
44,29,4,4,Male,4,2270.5,1,25,20,20
44,2,1,1,Female,4,1005.5,1,13,10,10
44,5,3,2,Male,2,9106.5,7,11,26,22
44,4,2,3,Male,1,9595,1,14,26,25
44,15,3,1,Female,4,3989,1,11,10,10
44,3,3,1,Male,1,1181,4,12,10,3
44,5,3,3,Male,3,1581,3,14,7,5
44,20,3,4,Male,2,1710,1,13,6,5
44,1,5,1,Female,3,2384,7,12,11,1
44,2,1,2,Male,3,5104.5,5,18,16,2
44,28,3,4,Male,1,8164,3,13,24,20
44,7,3,2,Female,4,9524.5,0,14,23,22
44,1,5,1,Male,4,2871.5,4,11,14,10
44,1,3,3,Female,4,1597.5,4,18,8,2
44,2,3,3,Female,4,3939.5,1,19,9,8
44,1,2,3,Male,2,1171,1,12,6,5
44,1,4,2,Male,1,2516.5,2,15,10,2
44,1,3,2,Male,4,1218,6,12,6,4
45,7,3,2,Male,1,4862,2,17,25,1
45,6,4,4,Male,1,6622.5,4,14,17,0
45,29,3,3,Male,4,1726,5,13,9,6
45,9,3,2,Male,2,1174,8,18,20,17
45,4,2,3,Female,1,2503,4,11,9,5
45,2,2,1,Male,4,8396,9,23,22,20
45,6,3,4,Female,4,4432.5,6,12,23,19
45,1,3,3,Male,4,9601,0,11,25,24
45,7,4,1,Male,3,3217,4,17,9,3
45,20,2,3,Male,4,6748,0,14,21,20
45,7,3,1,Male,1,2605,1,18,24,24
45,8,4,4,Male,4,1848.5,9,14,12,10
45,10,2,1,Male,4,1327,3,21,8,2
45,2,3,4,Male,2,2402.5,0,19,9,8
45,26,4,1,Female,1,2143,2,14,5,1
45,2,2,2,Male,3,3316,0,13,9,8
45,2,3,2,Female,3,1137,1,14,1,1
45,9,3,4,Male,1,5380.5,4,12,18,5
45,4,2,3,Male,2,2223.5,1,12,9,9
45,1,4,4,Female,4,1135,3,14,8,5
45,23,2,4,Male,1,1816.5,1,15,9,9
45,11,2,4,Female,4,8825,3,13,26,9
45,24,4,2,Male,2,1088.5,1,16,6,6
45,9,4,2,Female,3,2796.5,1,13,15,15
45,7,3,1,Female,3,2238.5,4,19,7,3
45,2,3,1,Female,2,9412,2,16,26,24
45,25,3,2,Female,2,9030.5,3,22,22,0
45,20,3,2,Male,1,5425.5,2,18,24,7
45,29,3,2,Male,4,4690,4,18,10,3
45,28,3,4,Male,4,1066,4,20,8,5
45,1,4,1,Male,2,3720.5,1,12,10,10
45,5,5,3,Female,1,2884.5,1,14,10,10
45,26,3,1,Male,1,2192.5,1,15,10,10
45,2,2,4,Female,4,2885,1,19,10,10
45,1,1,3,Male,3,5374,3,23,25,23
45,28,2,4,Female,2,8352,1,11,21,21
45,4,3,3,Female,3,4878,4,21,9,5
45,2,4,3,Female,3,2577,4,22,10,8
45,25,2,2,Female,4,2953,0,13,10,9
45,1,4,2,Male,3,2699.5,4,12,12,4
45,20,3,4,Female,3,2425,8,15,8,5
46,2,4,2,Female,1,9473.5,3,12,22,2
46,5,4,1,Male,4,2886,4,21,14,9
46,5,2,2,Male,2,2510.5,8,22,16,4
46,9,2,3,Male,4,4809.5,1,16,9,9
46,1,3,3,Male,1,5336.5,2,13,21,10
46,1,2,2,Female,1,5226.5,1,25,24,24
46,1,4,4,Male,1,4698,7,16,17,4
46,2,3,3,Female,2,8436,3,12,28,7
46,7,4,3,Female,3,2629,2,14,7,1
46,18,3,3,Female,3,2405,2,14,19,10
46,2,3,1,Male,3,8930.5,6,13,26,3
46,10,3,3,Female,4,4535.5,2,19,15,3
46,18,1,1,Female,3,5263.5,5,11,28,2
46,7,2,4,Male,3,5422.5,6,13,13,8
46,1,4,4,Male,4,9813.5,9,17,23,2
46,8,4,4,Female,1,2307.5,8,23,19,16
46,3,1,1,Male,3,8732.5,3,12,23,12
46,2,3,3,Female,1,8524,8,23,28,26
46,15,2,4,Male,2,9540.5,5,11,25,4
46,2,4,4,Male,4,3689.5,2,11,12,6
46,4,2,4,Female,2,9394.5,2,14,26,11
46,1,2,4,Female,1,1711.5,6,12,10,7
46,9,3,1,Male,4,5048,4,11,28,7
46,3,3,3,Female,2,8303,8,12,23,13
46,1,4,4,Male,1,8783.5,1,15,27,26
46,13,4,3,Male,2,2781,6,14,19,10
46,2,3,3,Male,4,5184,4,12,13,10
46,2,4,3,Male,4,9664,7,17,24,2
46,26,2,2,Male,2,3995.5,8,15,6,2
46,21,2,4,Female,2,4463,4,22,13,9
46,2,2,4,Male,4,4289,3,14,12,9
46,3,3,1,Female,1,6612.5,2,12,25,19
46,10,3,3,Female,2,3657,5,21,14,8
47,29,4,1,Male,2,5924.5,1,12,10,10
47,5,5,4,Male,3,9150,4,11,21,3
47,4,1,2,Male,3,1488,3,19,5,0
47,2,2,1,Female,4,2535,5,13,20,5
47,14,4,4,Male,1,2480,2,12,20,7
47,3,3,4,Female,3,6885,9,12,28,22
47,27,2,2,Female,3,3198.5,4,12,8,5
47,2,2,3,Female,4,8376,1,11,26,26
47,2,2,3,Female,4,2268.5,0,22,8,7
47,2,4,4,Female,4,1647,1,18,3,3
47,16,4,3,Male,3,2533.5,1,19,20,19
47,4,2,4,Female,4,2081.5,1,17,9,9
47,1,3,1,Male,4,1710,7,12,17,6
47,2,4,1,Female,3,8584.5,3,19,26,20
47,14,3,3,Female,3,2295.5,3,17,11,5
47,26,4,4,Female,3,9829,3,11,27,5
47,2,4,2,Female,2,7986,6,14,29,3
47,9,3,3,Male,3,6468,7,11,25,23
47,2,4,3,Male,2,2489,7,11,4,1
47,4,3,3,Female,2,5166.5,8,12,28,22
47,9,4,2,Female,3,1052.5,4,12,7,2
47,14,4,3,Male,2,2733.5,8,18,16,8
47,25,3,1,Male,3,4316.5,2,23,25,17
47,1,1,3,Female,2,5978.5,0,18,14,13
48,1,2,1,Male,3,2690.5,9,13,23,1
48,29,1,1,Female,3,6252,3,21,15,0
48,2,5,2,Female,4,2025.5,2,14,14,9
48,1,4,4,Female,1,7701,7,11,21,3
48,2,1,2,Male,2,4060,3,12,12,2
48,20,4,4,Male,3,1129.5,4,17,13,0
48,6,3,1,Male,3,2120,2,13,19,2
48,4,4,3,Male,3,5499.5,7,14,27,15
48,1,4,1,Male,4,8442.5,2,22,27,5
48,2,2,4,Male,2,1279.5,5,11,7,1
48,1,3,4,Male,4,9132.5,6,12,25,1
48,4,3,4,Male,4,3949,1,11,11,10
48,7,3,3,Male,1,2743,4,11,15,2
48,16,4,3,Female,3,3219.5,8,14,18,8
48,15,4,3,Female,1,1183.5,8,12,10,8
48,4,5,3,Male,4,7601,2,25,23,2
48,7,2,4,Female,3,1327.5,2,11,19,9
48,10,3,4,Male,2,9832.5,4,12,29,22
48,22,3,4,Female,4,8587,3,11,24,22
49,8,1,3,Male,2,2565,1,23,10,10
49,20,4,3,Female,1,3283.5,1,14,16,15
49,18,4,4,Male,4,3402,1,15,7,7
49,10,4,3,Female,1,9332.5,9,11,22,3
49,1,2,3,Female,3,6982,7,12,25,7
49,7,3,2,Male,3,5482.5,8,24,26,5
49,18,4,4,Male,3,9751,1,17,31,31
49,11,3,3,Female,4,3827,1,18,9,9
49,1,3,3,Female,1,1790,2,16,7,4
49,8,2,1,Female,2,3701.5,4,11,29,26
49,8,4,4,Male,2,6560,6,17,22,9
49,4,2,1,Male,3,9355.5,2,13,23,1
49,28,2,1,Male,1,2142,3,20,20,4
49,5,4,1,Male,3,3325.5,2,14,20,3
49,7,4,3,Male,2,5233,3,14,29,8
49,3,2,3,Female,1,2394.5,4,25,10,3
49,25,4,3,Female,1,1605.5,1,14,10,9
49,22,4,1,Female,2,8206.5,3,16,27,4
49,6,1,3,Female,3,6983,2,19,30,15
49,16,3,4,Female,1,1293.5,4,16,17,2
49,1,3,3,Male,3,7689.5,4,14,23,8
49,11,4,4,Female,4,2253.5,3,12,8,5
49,2,1,2,Male,4,9580.5,3,15,28,5
49,2,3,4,Male,2,2695,2,14,17,9
50,3,2,1,Male,3,1341.5,1,14,3,3
50,7,2,2,Female,3,9370,5,12,29,27
50,1,3,1,Female,2,9086,3,19,28,8
50,12,3,3,Female,4,4604,4,11,16,2
50,11,3,3,Female,2,9963,3,15,21,5
50,1,3,3,Male,3,1845,2,15,5,3
50,1,4,4,Female,4,9758.5,3,11,32,7
50,4,1,1,Male,2,9572,3,14,28,10
50,10,3,4,Male,4,5248,6,15,20,4
50,29,4,2,Male,3,8523,0,15,28,27
50,3,3,1,Male,2,9100,1,11,32,32
50,28,1,4,Male,3,1610.5,1,11,20,20
50,8,2,2,Male,3,3398,3,14,18,4
50,8,4,4,Male,2,1937.5,7,15,4,2
50,2,3,3,Male,3,8819.5,5,16,30,4
50,2,4,1,Male,1,8962,1,11,31,31
50,1,2,4,Male,4,8699.5,9,22,32,5
50,24,3,4,Male,3,6986.5,3,18,22,12
50,9,3,1,Male,4,1190,4,18,8,1
50,1,3,4,Female,3,3173.5,0,12,19,18
50,2,4,2,Male,3,9618.5,2,11,29,8
50,1,4,4,Male,3,2364,3,14,5,0
50,2,3,4,Female,1,8928,2,22,32,2
50,28,3,4,Female,1,8440,4,11,25,3
50,22,5,3,Male,4,7205.5,1,13,32,32
50,9,3,3,Male,3,9665.5,4,16,27,1
50,20,5,2,Male,3,5622.5,2,15,32,30
50,17,5,4,Female,1,6634.5,5,15,19,14
50,1,4,2,Male,3,3364,7,12,12,6
50,28,3,4,Male,1,5427,4,13,20,3
51,9,4,4,Male,4,1037.5,3,23,10,4
51,21,4,3,Male,4,2720.5,0,22,11,10
51,1,4,1,Female,1,3742,3,20,23,13
51,6,3,1,Male,3,9768.5,7,13,23,20
51,8,4,1,Male,4,5325,2,15,18,4
51,7,4,2,Male,3,3066,2,17,10,1
51,3,3,4,Female,2,6867,3,18,21,7
51,8,4,2,Male,2,6245,5,16,16,10
51,1,3,3,Male,4,1361.5,1,11,1,1
51,2,3,4,Male,2,2741,5,18,13,4
51,14,2,3,Female,4,2468,4,11,18,7
51,26,4,1,Female,3,8153.5,2,14,29,20
51,4,4,1,Male,3,1230.5,9,12,18,10
51,9,3,4,Male,2,9923.5,4,24,31,29
51,6,2,2,Female,3,1419,0,14,8,7
51,5,3,3,Male,2,7013,1,11,33,33
51,11,2,4,Female,2,6571,3,16,29,5
51,2,3,2,Male,2,5298,2,11,14,4
51,3,3,1,Female,3,6558,2,11,15,2
52,1,4,3,Male,3,9999.5,0,14,34,33
52,2,3,3,Female,4,1606,7,15,6,2
52,2,4,1,Male,3,9534,1,18,33,33
52,8,4,3,Male,2,2470.5,2,15,11,8
52,3,3,4,Male,3,3984.5,2,14,28,5
52,4,2,4,Female,4,8277.5,2,13,31,5
52,6,2,4,Male,1,2788.5,3,12,18,10
52,3,4,3,Male,1,8428,1,11,34,34
52,19,4,4,Male,4,2129,0,18,5,4
52,11,4,4,Female,3,1574.5,8,20,9,5
52,25,4,3,Female,4,6913,3,22,31,9
52,1,2,4,Male,4,8549.5,2,15,26,9
52,2,1,1,Female,4,9922.5,1,15,33,32
52,7,4,2,Male,2,5222.5,7,19,18,8
52,5,3,2,Male,2,4223,9,19,10,8
52,28,2,4,Female,3,6623.5,2,11,24,5
52,8,4,3,Female,1,1475,9,13,12,5
52,29,4,1,Male,4,1741,2,15,16,9
53,2,4,1,Female,4,7713.5,2,16,31,25
53,5,3,3,Female,3,9547,4,11,26,14
53,6,2,2,Male,3,1153,2,20,13,7
53,13,2,4,Female,1,2225,1,11,5,4
53,3,4,3,Male,3,8792,3,16,21,5
53,1,1,4,Female,1,4190.5,7,20,18,14
53,7,3,3,Male,3,7407,3,19,32,5
53,6,3,4,Male,4,1225,2,17,19,2
53,7,2,1,Female,4,5467,7,18,35,5
53,8,3,1,Male,4,5918,5,14,28,2
53,23,4,4,Female,4,7137.5,6,18,33,12
53,2,2,3,Male,3,7426,6,13,22,17
53,2,3,3,Female,2,3762.5,2,12,30,15
53,7,2,4,Female,3,9303,3,18,26,7
53,2,3,4,Male,2,8299,4,12,35,9
53,2,5,3,Female,4,5084.5,0,16,34,33
53,24,4,2,Male,4,3502.5,3,15,11,4
53,1,4,1,Female,3,6482.5,4,20,27,3
53,24,4,1,Male,1,5224,6,13,15,2
54,2,4,1,Female,3,6774.5,9,12,16,4
54,26,3,4,Female,4,8664,2,12,23,5
54,3,3,4,Female,1,2970,2,14,16,6
54,20,4,4,Female,3,2434.5,3,12,20,4
54,5,2,1,Male,1,9703,4,11,24,4
54,8,4,3,Female,3,1890,7,11,19,1
54,19,4,3,Male,2,5362.5,2,15,16,9
54,19,4,4,Female,1,2742.5,9,11,9,5
54,17,3,3,Female,3,5369.5,8,11,22,10
54,2,4,3,Female,3,5343,6,11,13,9
54,1,4,4,Female,3,5251,7,17,33,5
54,3,3,4,Male,4,8889.5,3,14,36,10
54,1,3,4,Female,4,8664,6,19,29,20
54,11,4,2,Female,4,8016,3,20,26,14
54,22,5,2,Female,3,8713,3,25,36,10
54,7,4,4,Female,4,3427,4,15,14,7
54,9,2,1,Female,3,1448.5,3,11,9,4
54,10,3,3,Female,1,2220,6,19,9,5
55,8,3,4,Female,3,7378,2,14,21,5
55,1,2,1,Male,4,5119.5,3,14,24,1
55,14,4,3,Male,2,9361,8,11,36,24
55,1,3,4,Male,1,9522.5,0,14,37,36
55,20,2,2,Male,4,2707.5,3,19,12,10
55,2,3,3,Female,4,8329.5,2,13,30,5
55,18,5,1,Female,2,8417.5,3,23,37,10
55,2,3,4,Male,1,9929.5,5,13,24,5
55,2,1,3,Male,4,2580,4,16,12,9
55,18,4,3,Male,2,3192.5,3,14,17,8
55,2,1,3,Male,1,8378,7,15,31,9
55,2,1,4,Male,2,5488,3,18,23,3
55,8,1,4,Male,2,6788.5,1,15,34,33
55,2,2,4,Female,3,9593.5,4,14,23,19
55,13,4,1,Male,3,6847.5,6,17,24,19
55,1,4,2,Male,4,7366,2,13,31,7
55,4,4,4,Male,3,2017.5,0,16,4,3
55,26,5,3,Male,4,9793,1,21,36,36
55,22,3,1,Male,2,1768.5,5,12,8,4
55,2,3,3,Male,1,9519,8,12,34,1
55,2,4,2,Male,4,1331,8,20,19,5
55,26,4,3,Male,2,9818,4,18,35,10
56,7,3,4,Male,4,3630,4,11,37,6
56,14,4,2,Female,2,2481.5,9,18,7,5
56,8,3,3,Female,1,2128.5,4,18,19,2
56,6,3,3,Female,1,6606,9,11,36,7
56,9,3,3,Male,4,5551.5,7,11,30,10
56,9,3,1,Female,3,1471,2,19,18,5
56,4,4,4,Female,1,9971.5,4,13,28,5
56,8,4,4,Male,2,9858.5,6,14,36,7
56,23,3,4,Male,2,6701,4,12,33,19
56,1,2,1,Female,1,1033,2,22,5,3
56,24,2,1,Male,4,1293.5,1,16,5,4
56,11,5,4,Female,1,2690,4,16,6,0
56,1,4,3,Male,3,3153,1,21,13,13
56,7,2,4,Male,3,1169.5,8,11,14,10
57,24,2,3,Male,4,4719.5,3,16,12,5
57,1,4,4,Male,3,3377.5,2,11,15,3
57,29,3,1,Male,4,7059,3,12,32,1
57,1,2,2,Male,3,2450,0,24,13,12
58,10,4,4,Male,3,6936,0,13,38,37
58,23,4,4,Female,4,5156,1,12,40,40
58,9,3,2,Female,2,1673,4,20,9,1
58,1,4,4,Male,3,2830,2,13,12,5
58,2,4,4,Male,2,9623,7,12,40,31
58,2,1,4,Male,4,1190,9,14,3,1
58,5,3,3,Female,2,5276,2,13,24,6
58,2,3,4,Male,3,1239.5,4,24,7,1
58,23,4,1,Male,3,1186,1,12,2,2
58,7,4,3,Female,1,5004,7,14,31,10
58,1,3,4,Female,1,9850.5,3,21,32,9
58,2,3,2,Male,2,8145.5,4,22,37,16
58,15,4,1,Male,3,7893.5,2,14,23,2
58,21,3,4,Female,4,8937.5,4,13,29,1
59,3,3,3,Female,1,1335,4,20,12,1
59,25,3,1,Female,1,3818.5,7,11,28,21
59,1,1,1,Female,3,2736.5,7,11,20,4
59,2,4,3,Female,4,9422,9,21,30,3
59,3,3,3,Male,4,1088.5,3,17,7,1
59,6,2,2,Male,3,1133.5,8,17,7,2
59,2,3,3,Female,4,6863,3,13,30,5
59,1,2,2,Male,4,5952,3,14,14,6
59,3,3,3,Female,4,2585.5,5,17,13,6
59,18,4,4,Male,4,5256,6,12,25,9
60,7,3,1,Female,1,9783,5,11,33,29
60,28,3,3,Female,1,5133,4,19,22,18
60,16,4,1,Male,1,2702.5,8,14,10,2
60,7,4,2,Male,4,2610,0,18,12,11
60,1,4,3,Male,4,5441.5,3,20,19,1
